,LINE_SEGMENT,BEG MP,END MP,SPEED,LENGTH (FT),CURVE NUMBER,DIRECTION,DEG OF CURVE,GRADE_TO_NEXT,index,SPEED_INDI,LENGTH (M),ELEV (M)
0,7303.0,94.493,94.614,10,640.0,94,L,1.5,0.0,0.0,non_speed,194.73014000001498,0.0
1,7303.0,94.614,95.42,10,0.0,0.0,0.0,0.0,0.75,0.0,non_speed,1297.1280399999957,9.728460299999968
2,7303.0,95.279,96.18,10,0.0,0.0,0.0,0.0,0.49,1.0,non_speed,1450.0153400000167,16.83353546600005
3,7303.0,96.18,96.28,10,0.0,0.0,0.0,0.0,0.8,2.0,non_speed,160.93399999999085,18.121007465999977
4,7303.0,96.28,97.011,10,1006.0,97,L,2.0,0.0,2.0,non_speed,90.12303999999578,18.121007465999977
