,LINE_SEGMENT,BEG MP,END MP,SPEED,LENGTH (FT),CURVE NUMBER,DIRECTION,DEG OF CURVE,GRADE_TO_NEXT,index,SPEED_INDI,LENGTH (M),ELEV (M)
0,7300.0,124.67,124.71,70.0,0.0,0.0,0.0,0.0,0.09,0.0,non_speed,64.37359999998719,0.057936239999988474
1,7300.0,124.71,125.17,70.0,0.0,0.0,0.0,0.0,0.0,1.0,non_speed,740.2964000000128,0.057936239999988474
2,7300.0,125.17,125.57,70.0,0.0,0.0,0.0,0.0,-0.21,2.0,non_speed,643.7359999999862,-1.2939093599999825
3,7300.0,125.57,125.8,70.0,0.0,0.0,0.0,0.0,0.08,3.0,non_speed,370.1482000000064,-0.9977907999999773
4,7300.0,125.8,125.95,70.0,0.0,0.0,0.0,0.0,0.37,4.0,non_speed,241.40100000000913,-0.10460709999994344
5,7300.0,125.95,126.31,70.0,0.0,0.0,0.0,0.0,0.42,5.0,non_speed,579.3623999999991,2.3287149800000524
6,7300.0,126.31,126.35,70.0,1619.0,126,R,1.1,0.0,0.0,non_speed,64.37359999998719,2.3287149800000524
