,LINE_SEGMENT,BEG MP,END MP,SPEED,GRADE_TO_NEXT,DIRECTION,DEG OF CURVE,LENGTH (M),ELEV (M)
0,217.0,10.55,10.55,10,-0.0,L,3.3,59.5455800000013,-6.1185497460000144
1,217.0,10.55,10.51,10,-0.0,0.0,0.0,64.37360000000149,-6.1185497460000144
2,217.0,10.51,10.46,10,0.29,0.0,0.0,80.46699999999828,-6.1185497460000144
3,217.0,10.46,10.07,10,0.29,0.0,0.0,627.6426000000009,-5.88519544600002
4,217.0,10.07,9.883,10,0.27,0.0,0.0,300.94658000000186,-4.065031906000017
5,217.0,9.97,9.54,10,0.47,0.0,0.0,692.0162000000024,-3.2524761400000117
