,LINE_SEGMENT,BEG MP,END MP,SPEED,LENGTH (FT),CURVE NUMBER,DIRECTION,DEG OF CURVE,GRADE_TO_NEXT,index,SPEED_INDI,LENGTH (M),ELEV (M)
0,7302.0,0.799,1.12,10,1717.0,1,L,2.5,0.0,0.0,non_speed,516.5981400000001,0.0
1,7302.0,1.12,1.857,10,1560.0,0001A,R,1.0,0.0,1.0,non_speed,1186.0835799999998,0.0
2,7302.0,1.857,3.826,10,995.0,3,R,2.0,0.0,2.0,non_speed,3168.79046,0.0
3,7302.0,3.826,158.35,10,0.0,0.0,0.0,0.0,0.4,0.0,non_speed,248681.65415999998,994.72661664
4,7302.0,158.35,159.48,10,0.0,0.0,0.0,0.0,0.33,1.0,non_speed,1818.5541999999925,1000.7278455
5,7302.0,159.48,159.57999999999998,10,0.0,0.0,0.0,0.0,0.25,2.0,non_speed,160.93399999999085,1001.1301804999999
6,7302.0,159.57999999999998,159.602,10,560.0,159,L,1.5,0.25,3.0,non_speed,170.5900399999912,1001.5566555999999
