,LINE_SEGMENT,BEG MP,END MP,SPEED,LENGTH (FT),CURVE NUMBER,DIRECTION,DEG OF CURVE,GRADE_TO_NEXT,index,SPEED_INDI,LENGTH (M),ELEV (M)
0,419.0,0.0,0.04,10,0.0,0.0,0.0,0.0,1.35,0.0,non_speed,64.3736,0.8690435999999999
1,419.0,0.04,0.51,10,0.0,0.0,0.0,0.0,-0.17,1.0,non_speed,756.3898,-0.41681906000000035
2,419.0,0.51,0.61,10,0.0,0.0,0.0,0.0,0.0,2.0,non_speed,160.93399999999997,-0.41681906000000035
