,LINE_SEGMENT,BEG MP,END MP,SPEED,GRADE_TO_NEXT,DIRECTION,DEG OF CURVE,LENGTH (M),ELEV (M)
0,402.0,0.63,0.6,10,-0.63,L,7.0,48.28020000000004,3.5099705400000003
1,402.0,0.6,0.08,10,-0.32,L,7.0,836.8568,3.20580528
2,402.0,0.08,0.0,10,-0.41,0.0,0.0,128.7472,0.5278635199999999
