,LINE_SEGMENT,BEG MP,END MP,SPEED,GRADE_TO_NEXT,DIRECTION,DEG OF CURVE,LENGTH (M),ELEV (M)
0,7302.0,159.602,159.57999999999998,10,-0.25,R,1.5,170.5900399999912,1001.5566556
1,7302.0,159.57999999999998,159.48,10,-0.25,0.0,0.0,160.93399999999085,1001.1301805
2,7302.0,159.48,158.35,10,-0.33,0.0,0.0,1818.5541999999923,1000.7278455
3,7302.0,158.35,3.826,10,-0.4,0.0,0.0,248681.65416,994.72661664
4,7302.0,3.826,1.857,10,-0.0,L,2.0,3168.79046,0.0
5,7302.0,1.857,1.12,10,-0.0,L,1.0,1186.0835799999998,0.0
6,7302.0,1.12,0.799,10,-0.0,R,2.5,516.5981400000001,0.0
