,LINE_SEGMENT,BEG MP,END MP,SPEED,GRADE_TO_NEXT,DIRECTION,DEG OF CURVE,LENGTH (M),ELEV (M)
0,419.0,0.61,0.51,10,-0.0,0.0,0.0,160.93399999999997,-0.4168190600000003
1,419.0,0.51,0.04,10,0.17,0.0,0.0,756.3898,-0.4168190600000003
2,419.0,0.04,0.0,10,-1.35,0.0,0.0,64.3736,0.8690435999999999
