,LINE_SEGMENT,BEG MP,END MP,SPEED,GRADE_TO_NEXT,DIRECTION,DEG OF CURVE,LENGTH (M),ELEV (M)
0,220.0,21.53,21.48,50.0,-0.08,R,4.1,80.46700000000114,-0.3154306399999966
1,220.0,21.48,21.42,50.0,0.06,R,4.1,96.56039999999794,-0.3798042399999976
2,220.0,21.42,21.22,50.0,-0.0,0.0,0.0,321.86800000000454,-0.3218679999999988
3,220.0,21.22,21.02,50.0,0.1,0.0,0.0,321.86799999999886,-0.3218679999999988
4,220.0,21.02,10.699,50.0,-0.0,0.0,0.0,16609.99814,0.0
5,220.0,10.699,5.496,50.0,-0.0,L,1.01666,8373.396019999998,0.0
6,220.0,5.496,0.346,50.0,-0.0,L,1.03333,8288.101,0.0
7,220.0,0.346,0.029,50.0,-0.0,L,3.0,510.1607799999999,0.0
