,LINE_SEGMENT,BEG MP,END MP,SPEED,GRADE_TO_NEXT,DIRECTION,DEG OF CURVE,LENGTH (M),ELEV (M)
0,7300.0,126.35,126.31,70.0,-0.0,L,1.1,64.37359999998719,2.3287149800000524
1,7300.0,126.31,125.95,70.0,-0.42,0.0,0.0,579.3623999999991,2.3287149800000524
2,7300.0,125.95,125.8,70.0,-0.37,0.0,0.0,241.40100000000916,-0.1046070999999434
3,7300.0,125.8,125.57,70.0,-0.08,0.0,0.0,370.1482000000064,-0.9977907999999772
4,7300.0,125.57,125.17,70.0,0.21,0.0,0.0,643.7359999999862,-1.2939093599999825
5,7300.0,125.17,124.71,70.0,-0.0,0.0,0.0,740.2964000000128,0.0579362399999884
6,7300.0,124.71,124.67,70.0,-0.09,0.0,0.0,64.37359999998719,0.0579362399999884
