,LINE_SEGMENT,BEG MP,END MP,SPEED,GRADE_TO_NEXT,DIRECTION,DEG OF CURVE,LENGTH (M),ELEV (M)
0,430.0,0.06,0.041,10,-0.0,L,8.0,30.57745999999999,0.0
1,430.0,0.06,0.01,10,-0.0,0.0,0.0,80.46699999999998,0.0
2,430.0,0.01,0.0,10,-0.0,0.0,0.0,16.0934,0.0
