,LINE_SEGMENT,BEG MP,END MP,SPEED,LENGTH (FT),CURVE NUMBER,DIRECTION,DEG OF CURVE,GRADE_TO_NEXT,index,SPEED_INDI,LENGTH (M),ELEV (M)
0,217.0,9.54,9.97,10,0.0,0.0,0.0,0.0,-0.47,0.0,non_speed,692.0162000000024,-3.2524761400000113
1,217.0,9.883,10.07,10,0.0,0.0,0.0,0.0,-0.27,1.0,non_speed,300.94658000000186,-4.065031906000017
2,217.0,10.07,10.46,10,0.0,0.0,0.0,0.0,-0.29,2.0,non_speed,627.6426000000009,-5.8851954460000195
3,217.0,10.46,10.51,10,0.0,0.0,0.0,0.0,-0.29,3.0,non_speed,80.46699999999828,-6.1185497460000144
4,217.0,10.51,10.55,10,0.0,0.0,0.0,0.0,0.0,4.0,non_speed,64.37360000000149,-6.1185497460000144
5,217.0,10.55,10.55,10,193.0,10,R,3.3,0.0,1.0,non_speed,59.5455800000013,-6.1185497460000144
