,LINE_SEGMENT,BEG MP,END MP,SPEED,GRADE_TO_NEXT,DIRECTION,DEG OF CURVE,LENGTH (M),ELEV (M)
0,7303.0,97.011,96.28,10,-0.0,R,2.0,90.12303999999578,18.121007465999977
1,7303.0,96.28,96.18,10,-0.8,0.0,0.0,160.93399999999085,18.121007465999977
2,7303.0,96.18,95.279,10,-0.49,0.0,0.0,1450.0153400000167,16.83353546600005
3,7303.0,95.42,94.614,10,-0.75,0.0,0.0,1297.1280399999955,9.728460299999968
4,7303.0,94.614,94.493,10,-0.0,R,1.5,194.73014000001496,0.0
