,LINE_SEGMENT,BEG MP,END MP,SPEED,LENGTH (FT),CURVE NUMBER,DIRECTION,DEG OF CURVE,GRADE_TO_NEXT,index,SPEED_INDI,LENGTH (M),ELEV (M)
0,220.0,0.029,0.346,50.0,1791.0,0,R,3.0,0.0,0.0,non_speed,510.1607799999999,0.0
1,220.0,0.346,5.496,50.0,1675.0,5,R,1.03333,0.0,1.0,non_speed,8288.101,0.0
2,220.0,5.496,10.699,50.0,1946.0,10,R,1.01666,0.0,2.0,non_speed,8373.396019999998,0.0
3,220.0,10.699,21.02,50.0,0.0,0.0,0.0,0.0,0.0,0.0,non_speed,16609.99814,0.0
4,220.0,21.02,21.22,50.0,0.0,0.0,0.0,0.0,-0.1,1.0,non_speed,321.86799999999886,-0.3218679999999988
5,220.0,21.22,21.42,50.0,0.0,0.0,0.0,0.0,0.0,2.0,non_speed,321.86800000000454,-0.3218679999999988
6,220.0,21.42,21.48,50.0,799.0,21,L,4.1,-0.06,3.0,non_speed,96.56039999999794,-0.3798042399999976
7,220.0,21.48,21.53,50.0,799.0,21,L,4.1,0.08,3.0,non_speed,80.46700000000114,-0.31543063999999665
