,LINE_SEGMENT,BEG MP,END MP,SPEED,LENGTH (FT),CURVE NUMBER,DIRECTION,DEG OF CURVE,GRADE_TO_NEXT,index,SPEED_INDI,LENGTH (M),ELEV (M)
0,2500.0,0.0,1.0,10,0.0,0.0,0.0,0.0,0.15,0.0,non_speed,1609.34,2.4140099999999998
1,2500.0,0.424,2.0,10,0.0,0.0,0.0,0.0,1.6,1.0,non_speed,2536.31984,42.99512744
2,2500.0,1.45,2.09,10,0.0,0.0,0.0,0.0,-17.23,2.0,non_speed,1029.9775999999997,-134.47001303999997
3,2500.0,2.09,3.0,10,0.0,0.0,0.0,0.0,2.33,3.0,non_speed,1464.4994000000002,-100.34717701999998
4,2500.0,3.0,4.0,10,0.0,0.0,0.0,0.0,-0.54,4.0,non_speed,1609.34,-109.03761301999998
5,2500.0,4.0,5.0,10,0.0,0.0,0.0,0.0,0.18,5.0,non_speed,1609.34,-106.14080101999998
6,2500.0,5.0,6.0,10,0.0,0.0,0.0,0.0,0.21,6.0,non_speed,1609.34,-102.76118701999998
7,2500.0,6.0,6.1,10,0.0,0.0,0.0,0.0,-0.12,7.0,non_speed,160.93399999999943,-102.95430781999998
