,LINE_SEGMENT,BEG MP,END MP,SPEED,LENGTH (FT),CURVE NUMBER,DIRECTION,DEG OF CURVE,GRADE_TO_NEXT,index,SPEED_INDI,LENGTH (M),ELEV (M)
0,2500.0,0.0,1.0,10,0.0,0.0,0.0,0.0,0.15,0.0,non_speed,1609.34,2.4140099999999998
1,2500.0,0.424,2.0,10,0.0,0.0,0.0,0.0,1.6,1.0,non_speed,2536.31984,42.99512744
2,2500.0,1.45,2.09,10,0.0,0.0,0.0,0.0,1.965,2.0,non_speed,1029.9775999999997,63.23418727999999
3,2500.0,2.09,3.0,10,0.0,0.0,0.0,0.0,2.33,3.0,non_speed,1464.4994000000002,97.3570233
4,2500.0,3.0,4.0,10,0.0,0.0,0.0,0.0,-0.54,4.0,non_speed,1609.34,88.66658729999999
5,2500.0,4.0,5.0,10,0.0,0.0,0.0,0.0,0.18,5.0,non_speed,1609.34,91.56339929999999
6,2500.0,5.0,6.0,10,0.0,0.0,0.0,0.0,0.21,6.0,non_speed,1609.34,94.94301329999999
7,2500.0,6.0,6.1,10,0.0,0.0,0.0,0.0,-0.12,7.0,non_speed,160.93399999999943,94.74989249999999
