,LINE_SEGMENT,BEG MP,END MP,SPEED,GRADE_TO_NEXT,DIRECTION,DEG OF CURVE,LENGTH (M),ELEV (M)
0,2500.0,6.1,6.0,10,0.12,0.0,0.0,160.93399999999943,-102.95430781999998
1,2500.0,6.0,5.0,10,-0.21,0.0,0.0,1609.34,-102.76118701999998
2,2500.0,5.0,4.0,10,-0.18,0.0,0.0,1609.34,-106.14080101999998
3,2500.0,4.0,3.0,10,0.54,0.0,0.0,1609.34,-109.03761301999998
4,2500.0,3.0,2.09,10,-2.33,0.0,0.0,1464.4994000000002,-100.34717701999998
5,2500.0,2.09,1.45,10,17.23,0.0,0.0,1029.9775999999997,-134.47001303999997
6,2500.0,2.0,0.424,10,-1.6,0.0,0.0,2536.31984,42.99512744
7,2500.0,1.0,0.0,10,-0.15,0.0,0.0,1609.34,2.41401
