,LINE_SEGMENT,BEG MP,END MP,SPEED,LENGTH (FT),CURVE NUMBER,DIRECTION,DEG OF CURVE,GRADE_TO_NEXT,index,SPEED_INDI,LENGTH (M),ELEV (M)
0,402.0,0.0,0.08,10,0.0,0.0,0.0,0.0,0.41,0.0,non_speed,128.7472,0.5278635199999999
1,402.0,0.08,0.6,10,3203.0,0,R,7.0,0.32,0.0,non_speed,836.8568,3.20580528
2,402.0,0.6,0.63,10,3203.0,0,R,7.0,0.63,0.0,non_speed,48.28020000000004,3.5099705400000003
