,LINE_SEGMENT,BEG MP,END MP,SPEED,GRADE_TO_NEXT,DIRECTION,DEG OF CURVE,LENGTH (M),ELEV (M)
0,16.0,1.53,1.41,60.0,0.32,0.0,0.0,193.12080000000017,-5.167751673999999
1,16.0,1.41,1.287,60.0,0.54,0.0,0.0,197.94882,-4.549765113999999
2,16.0,1.287,1.2,60.0,0.54,L,4.4,140.01257999999993,-3.4808414859999988
3,16.0,1.2,1.04,60.0,0.5,L,4.4,257.49439999999987,-2.724773553999999
4,16.0,1.04,0.811,60.0,0.39,0.0,0.0,368.53886,-1.4373015539999998
5,16.0,0.811,0.571,60.0,-0.0,R,9.38333,386.2416000000001,0.0
6,16.0,0.96,0.4,60.0,-0.0,0.0,0.0,901.2304,0.0
